mouse_symbol,human_symbol,method,module
A330069K06Rik,A330069K06RIK,symbol_fallback,peripheral_ecm_schwann
A630023A22Rik,A630023A22RIK,symbol_fallback,peripheral_ecm_schwann
ADGRG6,ADGRG6,symbol_fallback,peripheral_ecm_schwann
Acp5,ACP5,symbol_fallback,peripheral_ecm_schwann
Aqp1,AQP1,symbol_fallback,peripheral_ecm_schwann
Bglap2,BGLAP2,symbol_fallback,peripheral_ecm_schwann
COL14A1,COL14A1,symbol_fallback,peripheral_ecm_schwann
COL15A1,COL15A1,symbol_fallback,peripheral_ecm_schwann
COL24A1,COL24A1,symbol_fallback,peripheral_ecm_schwann
COL28A1,COL28A1,symbol_fallback,peripheral_ecm_schwann
COL4A4,COL4A4,symbol_fallback,peripheral_ecm_schwann
COL5A3,COL5A3,symbol_fallback,peripheral_ecm_schwann
COL6A5,COL6A5,symbol_fallback,peripheral_ecm_schwann
Ccl11,CCL11,symbol_fallback,peripheral_ecm_schwann
Ccl8,CCL8,symbol_fallback,peripheral_ecm_schwann
Cga,CGA,symbol_fallback,peripheral_ecm_schwann
Cma1,CMA1,symbol_fallback,peripheral_ecm_schwann
Col1a1,COL1A1,symbol_fallback,peripheral_ecm_schwann
DCN,DCN,symbol_fallback,peripheral_ecm_schwann
Dcn,DCN,symbol_fallback,peripheral_ecm_schwann
Dhh,DHH,symbol_fallback,peripheral_ecm_schwann
EFEMP1,EFEMP1,symbol_fallback,peripheral_ecm_schwann
EGR2,EGR2,symbol_fallback,peripheral_ecm_schwann
Egr2,EGR2,symbol_fallback,peripheral_ecm_schwann
FBLN2,FBLN2,symbol_fallback,peripheral_ecm_schwann
FBLN5,FBLN5,symbol_fallback,peripheral_ecm_schwann
Fshb,FSHB,symbol_fallback,peripheral_ecm_schwann
Fxyd2,FXYD2,symbol_fallback,peripheral_ecm_schwann
Gfra3,GFRA3,symbol_fallback,peripheral_ecm_schwann
Gh,GH,symbol_fallback,peripheral_ecm_schwann
Ghrhr,GHRHR,symbol_fallback,peripheral_ecm_schwann
Gm13425,GM13425,symbol_fallback,peripheral_ecm_schwann
Gm14617,GM14617,symbol_fallback,peripheral_ecm_schwann
Gm19066,GM19066,symbol_fallback,peripheral_ecm_schwann
Gm29721,GM29721,symbol_fallback,peripheral_ecm_schwann
Gm43839,GM43839,symbol_fallback,peripheral_ecm_schwann
Gm44691,GM44691,symbol_fallback,peripheral_ecm_schwann
Gm47128,GM47128,symbol_fallback,peripheral_ecm_schwann
Gm48697,GM48697,symbol_fallback,peripheral_ecm_schwann
Gm5734,GM5734,symbol_fallback,peripheral_ecm_schwann
ITGA7,ITGA7,symbol_fallback,peripheral_ecm_schwann
Isl2,ISL2,symbol_fallback,peripheral_ecm_schwann
Klrb1a,KLRB1A,symbol_fallback,peripheral_ecm_schwann
LAMA2,LAMA2,symbol_fallback,peripheral_ecm_schwann
LAMA4,LAMA4,symbol_fallback,peripheral_ecm_schwann
LAMB1,LAMB1,symbol_fallback,peripheral_ecm_schwann
LUM,LUM,symbol_fallback,peripheral_ecm_schwann
Lama2,LAMA2,symbol_fallback,peripheral_ecm_schwann
Lamb1,LAMB1,symbol_fallback,peripheral_ecm_schwann
Lipn,LIPN,symbol_fallback,peripheral_ecm_schwann
MFAP5,MFAP5,symbol_fallback,peripheral_ecm_schwann
MMP13,MMP13,symbol_fallback,peripheral_ecm_schwann
MPZ,MPZ,symbol_fallback,peripheral_ecm_schwann
MUSK,MUSK,symbol_fallback,peripheral_ecm_schwann
Mcpt4,MCPT4,symbol_fallback,peripheral_ecm_schwann
Mmp13,MMP13,symbol_fallback,peripheral_ecm_schwann
Mpz,MPZ,symbol_fallback,peripheral_ecm_schwann
Mrgprb4,MRGPRB4,symbol_fallback,peripheral_ecm_schwann
Mrgprb5,MRGPRB5,symbol_fallback,peripheral_ecm_schwann
Mrgprd,MRGPRD,symbol_fallback,peripheral_ecm_schwann
Mrgprx1,MRGPRX1,symbol_fallback,peripheral_ecm_schwann
PRX,PRX,symbol_fallback,peripheral_ecm_schwann
Ppp1r1c,PPP1R1C,symbol_fallback,peripheral_ecm_schwann
Prdm12,PRDM12,symbol_fallback,peripheral_ecm_schwann
Prl,PRL,symbol_fallback,peripheral_ecm_schwann
Prx,PRX,symbol_fallback,peripheral_ecm_schwann
Rncr4,RNCR4,symbol_fallback,peripheral_ecm_schwann
Runx3,RUNX3,symbol_fallback,peripheral_ecm_schwann
Scn10a,SCN10A,symbol_fallback,peripheral_ecm_schwann
Scn11a,SCN11A,symbol_fallback,peripheral_ecm_schwann
Six6,SIX6,symbol_fallback,peripheral_ecm_schwann
Slc36a1os,SLC36A1OS,symbol_fallback,peripheral_ecm_schwann
Smr2,SMR2,symbol_fallback,peripheral_ecm_schwann
Tlx2,TLX2,symbol_fallback,peripheral_ecm_schwann
Tmem233,TMEM233,symbol_fallback,peripheral_ecm_schwann
Tpsb2,TPSB2,symbol_fallback,peripheral_ecm_schwann
Trappc3l,TRAPPC3L,symbol_fallback,peripheral_ecm_schwann
Trarg1,TRARG1,symbol_fallback,peripheral_ecm_schwann
4933405O20Rik,4933405O20RIK,symbol_fallback,central_synaptic
ABCC8,ABCC8,symbol_fallback,central_synaptic
ACHE,ACHE,symbol_fallback,central_synaptic
AP2A1,AP2A1,symbol_fallback,central_synaptic
Aqp6,AQP6,symbol_fallback,central_synaptic
BC039966,BC039966,symbol_fallback,central_synaptic
CAMKK1,CAMKK1,symbol_fallback,central_synaptic
CPLX1,CPLX1,symbol_fallback,central_synaptic
Cplx1,CPLX1,symbol_fallback,central_synaptic
DNAJC5,DNAJC5,symbol_fallback,central_synaptic
ENSMUSG00000105736,ENSMUSG00000105736,symbol_fallback,central_synaptic
Evx1,EVX1,symbol_fallback,central_synaptic
Fam181a,FAM181A,symbol_fallback,central_synaptic
GJD2,GJD2,symbol_fallback,central_synaptic
GNG7,GNG7,symbol_fallback,central_synaptic
Gbx2,GBX2,symbol_fallback,central_synaptic
Gm12236,GM12236,symbol_fallback,central_synaptic
Gm14330,GM14330,symbol_fallback,central_synaptic
Gm15050,GM15050,symbol_fallback,central_synaptic
Gm17244,GM17244,symbol_fallback,central_synaptic
Gm17984,GM17984,symbol_fallback,central_synaptic
Gm18129,GM18129,symbol_fallback,central_synaptic
Gm20395,GM20395,symbol_fallback,central_synaptic
Gm24249,GM24249,symbol_fallback,central_synaptic
Gm26644,GM26644,symbol_fallback,central_synaptic
Gm32568,GM32568,symbol_fallback,central_synaptic
Gm33167,GM33167,symbol_fallback,central_synaptic
Gm35610,GM35610,symbol_fallback,central_synaptic
Gm35736,GM35736,symbol_fallback,central_synaptic
Gm42527,GM42527,symbol_fallback,central_synaptic
Gm44593,GM44593,symbol_fallback,central_synaptic
Gm45470,GM45470,symbol_fallback,central_synaptic
Gm48406,GM48406,symbol_fallback,central_synaptic
Gm53435,GM53435,symbol_fallback,central_synaptic
Gm56053,GM56053,symbol_fallback,central_synaptic
Gm5796,GM5796,symbol_fallback,central_synaptic
Gm7394,GM7394,symbol_fallback,central_synaptic
Gm9989,GM9989,symbol_fallback,central_synaptic
HCN2,HCN2,symbol_fallback,central_synaptic
Hotairm1,HOTAIRM1,symbol_fallback,central_synaptic
Hoxaas3,HOXAAS3,symbol_fallback,central_synaptic
Hoxb2,HOXB2,symbol_fallback,central_synaptic
Hoxb5os,HOXB5OS,symbol_fallback,central_synaptic
KCNC3,KCNC3,symbol_fallback,central_synaptic
KCNC4,KCNC4,symbol_fallback,central_synaptic
KCNG4,KCNG4,symbol_fallback,central_synaptic
KCNJ3,KCNJ3,symbol_fallback,central_synaptic
KCNK3,KCNK3,symbol_fallback,central_synaptic
LRFN1,LRFN1,symbol_fallback,central_synaptic
LRFN3,LRFN3,symbol_fallback,central_synaptic
Ltk,LTK,symbol_fallback,central_synaptic
MPP2,MPP2,symbol_fallback,central_synaptic
Mir1264,MIR1264,symbol_fallback,central_synaptic
Mir1912,MIR1912,symbol_fallback,central_synaptic
Mir3552,MIR3552,symbol_fallback,central_synaptic
Mir764,MIR764,symbol_fallback,central_synaptic
NCALD,NCALD,symbol_fallback,central_synaptic
NRXN2,NRXN2,symbol_fallback,central_synaptic
NSF,NSF,symbol_fallback,central_synaptic
Or52n4,OR52N4,symbol_fallback,central_synaptic
Otp,OTP,symbol_fallback,central_synaptic
PANX2,PANX2,symbol_fallback,central_synaptic
PPM1E,PPM1E,symbol_fallback,central_synaptic
PRKAR1B,PRKAR1B,symbol_fallback,central_synaptic
Pdyn,PDYN,symbol_fallback,central_synaptic
Phox2b,PHOX2B,symbol_fallback,central_synaptic
Pierce1,PIERCE1,symbol_fallback,central_synaptic
Prlh,PRLH,symbol_fallback,central_synaptic
Ptchd1as,PTCHD1AS,symbol_fallback,central_synaptic
RAB3A,RAB3A,symbol_fallback,central_synaptic
Rab3a,RAB3A,symbol_fallback,central_synaptic
Rnase1,RNASE1,symbol_fallback,central_synaptic
SLC38A1,SLC38A1,symbol_fallback,central_synaptic
SNAP25,SNAP25,symbol_fallback,central_synaptic
STXBP1,STXBP1,symbol_fallback,central_synaptic
SYT2,SYT2,symbol_fallback,central_synaptic
Smim32,SMIM32,symbol_fallback,central_synaptic
Snap25,SNAP25,symbol_fallback,central_synaptic
Snora35,SNORA35,symbol_fallback,central_synaptic
Stxbp1,STXBP1,symbol_fallback,central_synaptic
Syn1,SYN1,symbol_fallback,central_synaptic
Syt1,SYT1,symbol_fallback,central_synaptic
TSPAN7,TSPAN7,symbol_fallback,central_synaptic
Tmem114,TMEM114,symbol_fallback,central_synaptic
VAMP2,VAMP2,symbol_fallback,central_synaptic
Vamp2,VAMP2,symbol_fallback,central_synaptic
Vmn1r206,VMN1R206,symbol_fallback,central_synaptic
4933405O20Rik,4933405O20RIK,symbol_fallback,ntrk_signaling
AP2A1,AP2A1,symbol_fallback,ntrk_signaling
ARC,ARC,symbol_fallback,ntrk_signaling
Aqp6,AQP6,symbol_fallback,ntrk_signaling
BC039966,BC039966,symbol_fallback,ntrk_signaling
BCL11B,BCL11B,symbol_fallback,ntrk_signaling
Bdnf,BDNF,symbol_fallback,ntrk_signaling
CDK5R1,CDK5R1,symbol_fallback,ntrk_signaling
CDK5R2,CDK5R2,symbol_fallback,ntrk_signaling
DNM1,DNM1,symbol_fallback,ntrk_signaling
ENSMUSG00000105736,ENSMUSG00000105736,symbol_fallback,ntrk_signaling
Evx1,EVX1,symbol_fallback,ntrk_signaling
Fam181a,FAM181A,symbol_fallback,ntrk_signaling
GRB2,GRB2,symbol_fallback,ntrk_signaling
Gbx2,GBX2,symbol_fallback,ntrk_signaling
Gm12236,GM12236,symbol_fallback,ntrk_signaling
Gm14330,GM14330,symbol_fallback,ntrk_signaling
Gm15050,GM15050,symbol_fallback,ntrk_signaling
Gm17244,GM17244,symbol_fallback,ntrk_signaling
Gm17984,GM17984,symbol_fallback,ntrk_signaling
Gm18129,GM18129,symbol_fallback,ntrk_signaling
Gm20395,GM20395,symbol_fallback,ntrk_signaling
Gm24249,GM24249,symbol_fallback,ntrk_signaling
Gm26644,GM26644,symbol_fallback,ntrk_signaling
Gm32568,GM32568,symbol_fallback,ntrk_signaling
Gm33167,GM33167,symbol_fallback,ntrk_signaling
Gm35610,GM35610,symbol_fallback,ntrk_signaling
Gm35736,GM35736,symbol_fallback,ntrk_signaling
Gm42527,GM42527,symbol_fallback,ntrk_signaling
Gm44593,GM44593,symbol_fallback,ntrk_signaling
Gm45470,GM45470,symbol_fallback,ntrk_signaling
Gm48406,GM48406,symbol_fallback,ntrk_signaling
Gm53435,GM53435,symbol_fallback,ntrk_signaling
Gm56053,GM56053,symbol_fallback,ntrk_signaling
Gm5796,GM5796,symbol_fallback,ntrk_signaling
Gm7394,GM7394,symbol_fallback,ntrk_signaling
Gm9989,GM9989,symbol_fallback,ntrk_signaling
Grb2,GRB2,symbol_fallback,ntrk_signaling
Hotairm1,HOTAIRM1,symbol_fallback,ntrk_signaling
Hoxaas3,HOXAAS3,symbol_fallback,ntrk_signaling
Hoxb2,HOXB2,symbol_fallback,ntrk_signaling
Hoxb5os,HOXB5OS,symbol_fallback,ntrk_signaling
ID4,ID4,symbol_fallback,ntrk_signaling
IRS2,IRS2,symbol_fallback,ntrk_signaling
Irs2,IRS2,symbol_fallback,ntrk_signaling
Ltk,LTK,symbol_fallback,ntrk_signaling
Mir1264,MIR1264,symbol_fallback,ntrk_signaling
Mir1912,MIR1912,symbol_fallback,ntrk_signaling
Mir3552,MIR3552,symbol_fallback,ntrk_signaling
Mir764,MIR764,symbol_fallback,ntrk_signaling
Ngfr,NGFR,symbol_fallback,ntrk_signaling
Ntrk1,NTRK1,symbol_fallback,ntrk_signaling
Ntrk2,NTRK2,symbol_fallback,ntrk_signaling
Or52n4,OR52N4,symbol_fallback,ntrk_signaling
Otp,OTP,symbol_fallback,ntrk_signaling
PPP2R1A,PPP2R1A,symbol_fallback,ntrk_signaling
PPP2R5D,PPP2R5D,symbol_fallback,ntrk_signaling
PTPRU,PTPRU,symbol_fallback,ntrk_signaling
Pdyn,PDYN,symbol_fallback,ntrk_signaling
Phox2b,PHOX2B,symbol_fallback,ntrk_signaling
Pierce1,PIERCE1,symbol_fallback,ntrk_signaling
Prlh,PRLH,symbol_fallback,ntrk_signaling
Ptchd1as,PTCHD1AS,symbol_fallback,ntrk_signaling
Rnase1,RNASE1,symbol_fallback,ntrk_signaling
SH3GL2,SH3GL2,symbol_fallback,ntrk_signaling
Smim32,SMIM32,symbol_fallback,ntrk_signaling
Snora35,SNORA35,symbol_fallback,ntrk_signaling
Tmem114,TMEM114,symbol_fallback,ntrk_signaling
Vmn1r206,VMN1R206,symbol_fallback,ntrk_signaling
0610040F04Rik,0610040F04RIK,symbol_fallback,tg_enriched
1110032F04Rik,1110032F04RIK,symbol_fallback,tg_enriched
1110046J04Rik,1110046J04RIK,symbol_fallback,tg_enriched
1500005C15Rik,1500005C15RIK,symbol_fallback,tg_enriched
1500009L16Rik,1500009L16RIK,symbol_fallback,tg_enriched
1500015L24Rik,1500015L24RIK,symbol_fallback,tg_enriched
1700001L05Rik,1700001L05RIK,symbol_fallback,tg_enriched
1700001O22Rik,1700001O22RIK,symbol_fallback,tg_enriched
1700003E16Rik,1700003E16RIK,symbol_fallback,tg_enriched
1700003O11Rik,1700003O11RIK,symbol_fallback,tg_enriched
1700007F19Rik,1700007F19RIK,symbol_fallback,tg_enriched
1700007L15Rik,1700007L15RIK,symbol_fallback,tg_enriched
1700013M08Rik,1700013M08RIK,symbol_fallback,tg_enriched
1700018A14Rik,1700018A14RIK,symbol_fallback,tg_enriched
1700020L13Rik,1700020L13RIK,symbol_fallback,tg_enriched
1700023C21Rik,1700023C21RIK,symbol_fallback,tg_enriched
1700024B18Rik,1700024B18RIK,symbol_fallback,tg_enriched
1700027J07Rik,1700027J07RIK,symbol_fallback,tg_enriched
1700028N14Rik,1700028N14RIK,symbol_fallback,tg_enriched
1700030J22Rik,1700030J22RIK,symbol_fallback,tg_enriched
1700030L22Rik,1700030L22RIK,symbol_fallback,tg_enriched
1700034H15Rik,1700034H15RIK,symbol_fallback,tg_enriched
1700034J05Rik,1700034J05RIK,symbol_fallback,tg_enriched
1700040D17Rik,1700040D17RIK,symbol_fallback,tg_enriched
1700041B01Rik,1700041B01RIK,symbol_fallback,tg_enriched
1700042G15Rik,1700042G15RIK,symbol_fallback,tg_enriched
1700047M11Rik,1700047M11RIK,symbol_fallback,tg_enriched
1700058P15Rik,1700058P15RIK,symbol_fallback,tg_enriched
1700064H15Rik,1700064H15RIK,symbol_fallback,tg_enriched
1700066J03Rik,1700066J03RIK,symbol_fallback,tg_enriched
1700071K01Rik,1700071K01RIK,symbol_fallback,tg_enriched
1700071M16Rik,1700071M16RIK,symbol_fallback,tg_enriched
1700074H08Rik,1700074H08RIK,symbol_fallback,tg_enriched
1700092C02Rik,1700092C02RIK,symbol_fallback,tg_enriched
1700110I01Rik,1700110I01RIK,symbol_fallback,tg_enriched
1700113H08Rik,1700113H08RIK,symbol_fallback,tg_enriched
1700120E14Rik,1700120E14RIK,symbol_fallback,tg_enriched
1700123J17Rik,1700123J17RIK,symbol_fallback,tg_enriched
1700123O21Rik,1700123O21RIK,symbol_fallback,tg_enriched
1700125G02Rik,1700125G02RIK,symbol_fallback,tg_enriched
1810007D17Rik,1810007D17RIK,symbol_fallback,tg_enriched
1810024B03Rik,1810024B03RIK,symbol_fallback,tg_enriched
1810053B23Rik,1810053B23RIK,symbol_fallback,tg_enriched
2010004M13Rik,2010004M13RIK,symbol_fallback,tg_enriched
2010016I18Rik,2010016I18RIK,symbol_fallback,tg_enriched
2010106C02Rik,2010106C02RIK,symbol_fallback,tg_enriched
2200002D01Rik,2200002D01RIK,symbol_fallback,tg_enriched
2210016L21Rik,2210016L21RIK,symbol_fallback,tg_enriched
2210039B01Rik,2210039B01RIK,symbol_fallback,tg_enriched
2310001H17Rik,2310001H17RIK,symbol_fallback,tg_enriched
2310005E17Rik,2310005E17RIK,symbol_fallback,tg_enriched
2310014F06Rik,2310014F06RIK,symbol_fallback,tg_enriched
2310022B05Rik,2310022B05RIK,symbol_fallback,tg_enriched
2310030G06Rik,2310030G06RIK,symbol_fallback,tg_enriched
2310043P16Rik,2310043P16RIK,symbol_fallback,tg_enriched
2310044K18Rik,2310044K18RIK,symbol_fallback,tg_enriched
2310061I04Rik,2310061I04RIK,symbol_fallback,tg_enriched
2310069B03Rik,2310069B03RIK,symbol_fallback,tg_enriched
2310075C17Rik,2310075C17RIK,symbol_fallback,tg_enriched
2410004I01Rik,2410004I01RIK,symbol_fallback,tg_enriched
2410018L13Rik,2410018L13RIK,symbol_fallback,tg_enriched
2600006K01Rik,2600006K01RIK,symbol_fallback,tg_enriched
2610001A08Rik,2610001A08RIK,symbol_fallback,tg_enriched
2610027K06Rik,2610027K06RIK,symbol_fallback,tg_enriched
2610035F20Rik,2610035F20RIK,symbol_fallback,tg_enriched
2610300M13Rik,2610300M13RIK,symbol_fallback,tg_enriched
2610306O10Rik,2610306O10RIK,symbol_fallback,tg_enriched
2610307P16Rik,2610307P16RIK,symbol_fallback,tg_enriched
2610316D01Rik,2610316D01RIK,symbol_fallback,tg_enriched
2700052C19Rik,2700052C19RIK,symbol_fallback,tg_enriched
2810001A02Rik,2810001A02RIK,symbol_fallback,tg_enriched
2810407A14Rik,2810407A14RIK,symbol_fallback,tg_enriched
2810408A11Rik,2810408A11RIK,symbol_fallback,tg_enriched
2810429I04Rik,2810429I04RIK,symbol_fallback,tg_enriched
2810430I11Rik,2810430I11RIK,symbol_fallback,tg_enriched
2810454H06Rik,2810454H06RIK,symbol_fallback,tg_enriched
2810459M11Rik,2810459M11RIK,symbol_fallback,tg_enriched
2810471M01Rik,2810471M01RIK,symbol_fallback,tg_enriched
2900018N21Rik,2900018N21RIK,symbol_fallback,tg_enriched
2900027M19Rik,2900027M19RIK,symbol_fallback,tg_enriched
2900037B21Rik,2900037B21RIK,symbol_fallback,tg_enriched
2900052N01Rik,2900052N01RIK,symbol_fallback,tg_enriched
2900072N19Rik,2900072N19RIK,symbol_fallback,tg_enriched
2900079G21Rik,2900079G21RIK,symbol_fallback,tg_enriched
2900089D17Rik,2900089D17RIK,symbol_fallback,tg_enriched
3110080E11Rik,3110080E11RIK,symbol_fallback,tg_enriched
3110082J24Rik,3110082J24RIK,symbol_fallback,tg_enriched
3425401B19Rik,3425401B19RIK,symbol_fallback,tg_enriched
4633401B06Rik,4633401B06RIK,symbol_fallback,tg_enriched
4732416N19Rik,4732416N19RIK,symbol_fallback,tg_enriched
4833415N18Rik,4833415N18RIK,symbol_fallback,tg_enriched
4921528I07Rik,4921528I07RIK,symbol_fallback,tg_enriched
4930405H06Rik,4930405H06RIK,symbol_fallback,tg_enriched
4930412F12Rik,4930412F12RIK,symbol_fallback,tg_enriched
4930413G21Rik,4930413G21RIK,symbol_fallback,tg_enriched
4930415C11Rik,4930415C11RIK,symbol_fallback,tg_enriched
4930420N18Rik,4930420N18RIK,symbol_fallback,tg_enriched
4930422I22Rik,4930422I22RIK,symbol_fallback,tg_enriched
4930422M22Rik,4930422M22RIK,symbol_fallback,tg_enriched
4930426I24Rik,4930426I24RIK,symbol_fallback,tg_enriched
0610040F04Rik,0610040F04RIK,symbol_fallback,sp5c_enriched
1110032F04Rik,1110032F04RIK,symbol_fallback,sp5c_enriched
1110046J04Rik,1110046J04RIK,symbol_fallback,sp5c_enriched
1500005C15Rik,1500005C15RIK,symbol_fallback,sp5c_enriched
1500009L16Rik,1500009L16RIK,symbol_fallback,sp5c_enriched
1500015L24Rik,1500015L24RIK,symbol_fallback,sp5c_enriched
1700001L05Rik,1700001L05RIK,symbol_fallback,sp5c_enriched
1700001O22Rik,1700001O22RIK,symbol_fallback,sp5c_enriched
1700003E16Rik,1700003E16RIK,symbol_fallback,sp5c_enriched
1700003O11Rik,1700003O11RIK,symbol_fallback,sp5c_enriched
1700007F19Rik,1700007F19RIK,symbol_fallback,sp5c_enriched
1700007L15Rik,1700007L15RIK,symbol_fallback,sp5c_enriched
1700013M08Rik,1700013M08RIK,symbol_fallback,sp5c_enriched
1700018A14Rik,1700018A14RIK,symbol_fallback,sp5c_enriched
1700020L13Rik,1700020L13RIK,symbol_fallback,sp5c_enriched
1700023C21Rik,1700023C21RIK,symbol_fallback,sp5c_enriched
1700024B18Rik,1700024B18RIK,symbol_fallback,sp5c_enriched
1700027J07Rik,1700027J07RIK,symbol_fallback,sp5c_enriched
1700028N14Rik,1700028N14RIK,symbol_fallback,sp5c_enriched
1700030J22Rik,1700030J22RIK,symbol_fallback,sp5c_enriched
1700030L22Rik,1700030L22RIK,symbol_fallback,sp5c_enriched
1700034H15Rik,1700034H15RIK,symbol_fallback,sp5c_enriched
1700034J05Rik,1700034J05RIK,symbol_fallback,sp5c_enriched
1700040D17Rik,1700040D17RIK,symbol_fallback,sp5c_enriched
1700041B01Rik,1700041B01RIK,symbol_fallback,sp5c_enriched
1700042G15Rik,1700042G15RIK,symbol_fallback,sp5c_enriched
1700047M11Rik,1700047M11RIK,symbol_fallback,sp5c_enriched
1700058P15Rik,1700058P15RIK,symbol_fallback,sp5c_enriched
1700064H15Rik,1700064H15RIK,symbol_fallback,sp5c_enriched
1700066J03Rik,1700066J03RIK,symbol_fallback,sp5c_enriched
1700071K01Rik,1700071K01RIK,symbol_fallback,sp5c_enriched
1700071M16Rik,1700071M16RIK,symbol_fallback,sp5c_enriched
1700074H08Rik,1700074H08RIK,symbol_fallback,sp5c_enriched
1700092C02Rik,1700092C02RIK,symbol_fallback,sp5c_enriched
1700110I01Rik,1700110I01RIK,symbol_fallback,sp5c_enriched
1700113H08Rik,1700113H08RIK,symbol_fallback,sp5c_enriched
1700120E14Rik,1700120E14RIK,symbol_fallback,sp5c_enriched
1700123J17Rik,1700123J17RIK,symbol_fallback,sp5c_enriched
1700123O21Rik,1700123O21RIK,symbol_fallback,sp5c_enriched
1700125G02Rik,1700125G02RIK,symbol_fallback,sp5c_enriched
1810007D17Rik,1810007D17RIK,symbol_fallback,sp5c_enriched
1810024B03Rik,1810024B03RIK,symbol_fallback,sp5c_enriched
1810053B23Rik,1810053B23RIK,symbol_fallback,sp5c_enriched
2010004M13Rik,2010004M13RIK,symbol_fallback,sp5c_enriched
2010016I18Rik,2010016I18RIK,symbol_fallback,sp5c_enriched
2010106C02Rik,2010106C02RIK,symbol_fallback,sp5c_enriched
2200002D01Rik,2200002D01RIK,symbol_fallback,sp5c_enriched
2210016L21Rik,2210016L21RIK,symbol_fallback,sp5c_enriched
2210039B01Rik,2210039B01RIK,symbol_fallback,sp5c_enriched
2310001H17Rik,2310001H17RIK,symbol_fallback,sp5c_enriched
2310005E17Rik,2310005E17RIK,symbol_fallback,sp5c_enriched
2310014F06Rik,2310014F06RIK,symbol_fallback,sp5c_enriched
2310022B05Rik,2310022B05RIK,symbol_fallback,sp5c_enriched
2310030G06Rik,2310030G06RIK,symbol_fallback,sp5c_enriched
2310043P16Rik,2310043P16RIK,symbol_fallback,sp5c_enriched
2310044K18Rik,2310044K18RIK,symbol_fallback,sp5c_enriched
2310061I04Rik,2310061I04RIK,symbol_fallback,sp5c_enriched
2310069B03Rik,2310069B03RIK,symbol_fallback,sp5c_enriched
2310075C17Rik,2310075C17RIK,symbol_fallback,sp5c_enriched
2410004I01Rik,2410004I01RIK,symbol_fallback,sp5c_enriched
2410018L13Rik,2410018L13RIK,symbol_fallback,sp5c_enriched
2600006K01Rik,2600006K01RIK,symbol_fallback,sp5c_enriched
2610001A08Rik,2610001A08RIK,symbol_fallback,sp5c_enriched
2610027K06Rik,2610027K06RIK,symbol_fallback,sp5c_enriched
2610035F20Rik,2610035F20RIK,symbol_fallback,sp5c_enriched
2610300M13Rik,2610300M13RIK,symbol_fallback,sp5c_enriched
2610306O10Rik,2610306O10RIK,symbol_fallback,sp5c_enriched
2610307P16Rik,2610307P16RIK,symbol_fallback,sp5c_enriched
2610316D01Rik,2610316D01RIK,symbol_fallback,sp5c_enriched
2700052C19Rik,2700052C19RIK,symbol_fallback,sp5c_enriched
2810001A02Rik,2810001A02RIK,symbol_fallback,sp5c_enriched
2810407A14Rik,2810407A14RIK,symbol_fallback,sp5c_enriched
2810408A11Rik,2810408A11RIK,symbol_fallback,sp5c_enriched
2810429I04Rik,2810429I04RIK,symbol_fallback,sp5c_enriched
2810430I11Rik,2810430I11RIK,symbol_fallback,sp5c_enriched
2810454H06Rik,2810454H06RIK,symbol_fallback,sp5c_enriched
2810459M11Rik,2810459M11RIK,symbol_fallback,sp5c_enriched
2810471M01Rik,2810471M01RIK,symbol_fallback,sp5c_enriched
2900018N21Rik,2900018N21RIK,symbol_fallback,sp5c_enriched
2900027M19Rik,2900027M19RIK,symbol_fallback,sp5c_enriched
2900037B21Rik,2900037B21RIK,symbol_fallback,sp5c_enriched
2900052N01Rik,2900052N01RIK,symbol_fallback,sp5c_enriched
2900072N19Rik,2900072N19RIK,symbol_fallback,sp5c_enriched
2900079G21Rik,2900079G21RIK,symbol_fallback,sp5c_enriched
2900089D17Rik,2900089D17RIK,symbol_fallback,sp5c_enriched
3110080E11Rik,3110080E11RIK,symbol_fallback,sp5c_enriched
3110082J24Rik,3110082J24RIK,symbol_fallback,sp5c_enriched
3425401B19Rik,3425401B19RIK,symbol_fallback,sp5c_enriched
4633401B06Rik,4633401B06RIK,symbol_fallback,sp5c_enriched
4732416N19Rik,4732416N19RIK,symbol_fallback,sp5c_enriched
4833415N18Rik,4833415N18RIK,symbol_fallback,sp5c_enriched
4921528I07Rik,4921528I07RIK,symbol_fallback,sp5c_enriched
4930405H06Rik,4930405H06RIK,symbol_fallback,sp5c_enriched
4930412F12Rik,4930412F12RIK,symbol_fallback,sp5c_enriched
4930413G21Rik,4930413G21RIK,symbol_fallback,sp5c_enriched
4930415C11Rik,4930415C11RIK,symbol_fallback,sp5c_enriched
4930420N18Rik,4930420N18RIK,symbol_fallback,sp5c_enriched
4930422I22Rik,4930422I22RIK,symbol_fallback,sp5c_enriched
4930422M22Rik,4930422M22RIK,symbol_fallback,sp5c_enriched
4930426I24Rik,4930426I24RIK,symbol_fallback,sp5c_enriched
