run_accession,study_accession,study_title,experiment_accession,experiment_title,experiment_desc,organism_taxid,organism_name,library_name,library_strategy,library_source,library_selection,library_layout,sample_accession,sample_title,biosample,bioproject,instrument,instrument_model,instrument_model_desc,total_spots,total_size,run_total_spots,run_total_bases,run_alias,public_filename,public_url,public_size,public_date,public_md5,public_version,public_semantic_name,public_supertype,public_sratoolkit,ncbi_url,ncbi_free_egress,ncbi_access_type,aws_url,aws_free_egress,aws_access_type,gcp_url,gcp_free_egress,gcp_access_type,experiment_alias,isolate,breed,cultivar,ecotype,age,dev_stage,collection_date,geo_loc_name,sex,tissue,genotype,sample_type,treatment,replicate,biosamplemodel,ena_fastq_http,ena_fastq_http_1,ena_fastq_http_2,ena_fastq_ftp,ena_fastq_ftp_1,ena_fastq_ftp_2
SRR25158558,SRP447554,Transcriptome-wide Analysis of Trigeminal Ganglion and Subnucleus Caudalis in a Mouse Model of Chronic Constriction Injury-induced Trigeminal Neuralgia,SRX20906795,RNA-Seq of trigeminal ganglia of ION-CCI treated Adult male Mus musculus replicate 1,RNA-Seq of trigeminal ganglia of ION-CCI treated Adult male Mus musculus replicate 1,10090,Mus musculus,CCI_TG1,RNA-Seq,TRANSCRIPTOMIC,RT-PCR,PAIRED,SRS18184043,,SAMN36316313,PRJNA991739,Illumina NovaSeq 6000,Illumina NovaSeq 6000,ILLUMINA,56250952,5505918379,56250952,16987787504,CCI-TG1_221221N_S21_L001_R1_001.fastq.gz,CCI-TG1_221221N_S21_L001_R1_001.fastq.gz,https://sra-pub-run-odp.s3.amazonaws.com/sra/SRR25158558/SRR25158558,3619760017,2023-07-06 04:13:11,f2eee9fb6fbeb914e77ee6ceafbf1657,1,fastq,Original,0,https://sra-downloadb.be-md.ncbi.nlm.nih.gov/sos5/sra-pub-zq-14/SRR025/25158/SRR25158558/SRR25158558.lite.1,worldwide,anonymous,s3://sra-pub-src-6/SRR25158558/CCI-TG1_221221N_S21_L001_R1_001.fastq.gz.1,-,Use Cloud Data Delivery,gs://sra-pub-zq-102/SRR25158558/SRR25158558.lite.1,gs.us-east1,gcp identity,,not applicable,not applicable,not applicable,not applicable,7-week,not applicable,2023-02-25,China: Zhengzhou,male,trigeminal ganglia,WT,total RNA,ION-CCI,1,Model organism or animal,,http://ftp.sra.ebi.ac.uk/vol1/fastq/SRR251/058/SRR25158558/SRR25158558_1.fastq.gz,http://ftp.sra.ebi.ac.uk/vol1/fastq/SRR251/058/SRR25158558/SRR25158558_2.fastq.gz,,era-fasp@fasp.sra.ebi.ac.uk:vol1/fastq/SRR251/058/SRR25158558/SRR25158558_1.fastq.gz,era-fasp@fasp.sra.ebi.ac.uk:vol1/fastq/SRR251/058/SRR25158558/SRR25158558_2.fastq.gz
SRR25158557,SRP447554,Transcriptome-wide Analysis of Trigeminal Ganglion and Subnucleus Caudalis in a Mouse Model of Chronic Constriction Injury-induced Trigeminal Neuralgia,SRX20906796,RNA-Seq of trigeminal ganglia of ION-CCI treated Adult male Mus musculus replicate 2,RNA-Seq of trigeminal ganglia of ION-CCI treated Adult male Mus musculus replicate 2,10090,Mus musculus,CCI_TG2,RNA-Seq,TRANSCRIPTOMIC,RT-PCR,PAIRED,SRS18184046,,SAMN36316314,PRJNA991739,Illumina NovaSeq 6000,Illumina NovaSeq 6000,ILLUMINA,51470010,5000553466,51470010,15543943020,CCI-TG2_221221N_S22_L001_R1_001.fastq.gz,SRR25158557.lite,https://sra-downloadb.be-md.ncbi.nlm.nih.gov/sos5/sra-pub-zq-14/SRR025/25158/SRR25158557/SRR25158557.lite.1,3966789339,2023-07-11 04:51:45,b1dc43bd5261289f2d5fcf8b72ec8fd3,1,SRA Lite,Primary ETL,1,https://sra-downloadb.be-md.ncbi.nlm.nih.gov/sos5/sra-pub-zq-14/SRR025/25158/SRR25158557/SRR25158557.lite.1,worldwide,anonymous,s3://sra-pub-zq-2/SRR25158557/SRR25158557.lite.1,s3.us-east-1,aws identity,gs://sra-pub-zq-102/SRR25158557/SRR25158557.lite.1,gs.us-east1,gcp identity,,not applicable,not applicable,not applicable,not applicable,7-week,not applicable,2023-02-25,China: Zhengzhou,male,trigeminal ganglia,WT,total RNA,ION-CCI,2,Model organism or animal,,http://ftp.sra.ebi.ac.uk/vol1/fastq/SRR251/057/SRR25158557/SRR25158557_1.fastq.gz,http://ftp.sra.ebi.ac.uk/vol1/fastq/SRR251/057/SRR25158557/SRR25158557_2.fastq.gz,,era-fasp@fasp.sra.ebi.ac.uk:vol1/fastq/SRR251/057/SRR25158557/SRR25158557_1.fastq.gz,era-fasp@fasp.sra.ebi.ac.uk:vol1/fastq/SRR251/057/SRR25158557/SRR25158557_2.fastq.gz
SRR25158554,SRP447554,Transcriptome-wide Analysis of Trigeminal Ganglion and Subnucleus Caudalis in a Mouse Model of Chronic Constriction Injury-induced Trigeminal Neuralgia,SRX20906799,RNA-Seq of trigeminal ganglia of ION-CCI treated Adult male Mus musculus replicate 3,RNA-Seq of trigeminal ganglia of ION-CCI treated Adult male Mus musculus replicate 3,10090,Mus musculus,CCI_TG3,RNA-Seq,TRANSCRIPTOMIC,RT-PCR,PAIRED,SRS18184048,,SAMN36316315,PRJNA991739,Illumina NovaSeq 6000,Illumina NovaSeq 6000,ILLUMINA,48852669,4707171613,48852669,14753506038,CCI-TG4_221221N_S23_L001_R1_001.fastq.gz,CCI-TG4_221221N_S23_L001_R1_001.fastq.gz,https://sra-pub-run-odp.s3.amazonaws.com/sra/SRR25158554/SRR25158554,3204222251,2023-07-06 04:13:32,9e22c671b98ae56587a117e369e24781,1,fastq,Original,0,https://sra-downloadb.be-md.ncbi.nlm.nih.gov/sos5/sra-pub-zq-14/SRR025/25158/SRR25158554/SRR25158554.lite.1,worldwide,anonymous,s3://sra-pub-src-6/SRR25158554/CCI-TG4_221221N_S23_L001_R1_001.fastq.gz.1,-,Use Cloud Data Delivery,gs://sra-pub-zq-102/SRR25158554/SRR25158554.lite.1,gs.us-east1,gcp identity,,not applicable,not applicable,not applicable,not applicable,7-week,not applicable,2023-02-25,China: Zhengzhou,male,trigeminal ganglia,WT,total RNA,ION-CCI,3,Model organism or animal,,http://ftp.sra.ebi.ac.uk/vol1/fastq/SRR251/054/SRR25158554/SRR25158554_1.fastq.gz,http://ftp.sra.ebi.ac.uk/vol1/fastq/SRR251/054/SRR25158554/SRR25158554_2.fastq.gz,,era-fasp@fasp.sra.ebi.ac.uk:vol1/fastq/SRR251/054/SRR25158554/SRR25158554_1.fastq.gz,era-fasp@fasp.sra.ebi.ac.uk:vol1/fastq/SRR251/054/SRR25158554/SRR25158554_2.fastq.gz
SRR25158553,SRP447554,Transcriptome-wide Analysis of Trigeminal Ganglion and Subnucleus Caudalis in a Mouse Model of Chronic Constriction Injury-induced Trigeminal Neuralgia,SRX20906800,RNA-Seq of trigeminal subnucleus caudalis of ION-CCI treated Adult male Mus musculus replicate 1,RNA-Seq of trigeminal subnucleus caudalis of ION-CCI treated Adult male Mus musculus replicate 1,10090,Mus musculus,CCI_Sp5C1,RNA-Seq,TRANSCRIPTOMIC,RT-PCR,PAIRED,SRS18184051,,SAMN36316316,PRJNA991739,Illumina NovaSeq 6000,Illumina NovaSeq 6000,ILLUMINA,58585242,5682731328,58585242,17692743084,CCI-Sp5C1_221221N_S24_L001_R1_001.fastq.gz,SRR25158553.lite,https://sra-downloadb.be-md.ncbi.nlm.nih.gov/sos5/sra-pub-zq-14/SRR025/25158/SRR25158553/SRR25158553.lite.1,4514423093,2023-07-11 05:28:23,fdb69fd8baeb9aa7416b393557a228a5,1,SRA Lite,Primary ETL,1,https://sra-downloadb.be-md.ncbi.nlm.nih.gov/sos5/sra-pub-zq-14/SRR025/25158/SRR25158553/SRR25158553.lite.1,worldwide,anonymous,s3://sra-pub-zq-2/SRR25158553/SRR25158553.lite.1,s3.us-east-1,aws identity,gs://sra-pub-zq-102/SRR25158553/SRR25158553.lite.1,gs.us-east1,gcp identity,,not applicable,not applicable,not applicable,not applicable,7-week,not applicable,2023-02-25,China: Zhengzhou,male,trigeminal subnucleus caudalis,WT,total RNA,ION-CCI,1,Model organism or animal,,http://ftp.sra.ebi.ac.uk/vol1/fastq/SRR251/053/SRR25158553/SRR25158553_1.fastq.gz,http://ftp.sra.ebi.ac.uk/vol1/fastq/SRR251/053/SRR25158553/SRR25158553_2.fastq.gz,,era-fasp@fasp.sra.ebi.ac.uk:vol1/fastq/SRR251/053/SRR25158553/SRR25158553_1.fastq.gz,era-fasp@fasp.sra.ebi.ac.uk:vol1/fastq/SRR251/053/SRR25158553/SRR25158553_2.fastq.gz
SRR25158552,SRP447554,Transcriptome-wide Analysis of Trigeminal Ganglion and Subnucleus Caudalis in a Mouse Model of Chronic Constriction Injury-induced Trigeminal Neuralgia,SRX20906801,RNA-Seq of trigeminal subnucleus caudalis of ION-CCI treated Adult male Mus musculus replicate 2,RNA-Seq of trigeminal subnucleus caudalis of ION-CCI treated Adult male Mus musculus replicate 2,10090,Mus musculus,CCI_Sp5C2,RNA-Seq,TRANSCRIPTOMIC,RT-PCR,PAIRED,SRS18184054,,SAMN36316317,PRJNA991739,Illumina NovaSeq 6000,Illumina NovaSeq 6000,ILLUMINA,56474886,5465703339,56474886,17055415572,CCI-Sp5C2_221221N_S25_L001_R1_001.fastq.gz,SRR25158552.lite,https://sra-downloadb.be-md.ncbi.nlm.nih.gov/sos5/sra-pub-zq-14/SRR025/25158/SRR25158552/SRR25158552.lite.1,4352134698,2023-07-11 04:50:12,9f3b4a4fe7c83faea7846edbd13dc462,1,SRA Lite,Primary ETL,1,https://sra-downloadb.be-md.ncbi.nlm.nih.gov/sos5/sra-pub-zq-14/SRR025/25158/SRR25158552/SRR25158552.lite.1,worldwide,anonymous,s3://sra-pub-zq-2/SRR25158552/SRR25158552.lite.1,s3.us-east-1,aws identity,gs://sra-pub-zq-102/SRR25158552/SRR25158552.lite.1,gs.us-east1,gcp identity,,not applicable,not applicable,not applicable,not applicable,7-week,not applicable,2023-02-25,China: Zhengzhou,male,trigeminal subnucleus caudalis,WT,total RNA,ION-CCI,2,Model organism or animal,,http://ftp.sra.ebi.ac.uk/vol1/fastq/SRR251/052/SRR25158552/SRR25158552_1.fastq.gz,http://ftp.sra.ebi.ac.uk/vol1/fastq/SRR251/052/SRR25158552/SRR25158552_2.fastq.gz,,era-fasp@fasp.sra.ebi.ac.uk:vol1/fastq/SRR251/052/SRR25158552/SRR25158552_1.fastq.gz,era-fasp@fasp.sra.ebi.ac.uk:vol1/fastq/SRR251/052/SRR25158552/SRR25158552_2.fastq.gz
SRR25158551,SRP447554,Transcriptome-wide Analysis of Trigeminal Ganglion and Subnucleus Caudalis in a Mouse Model of Chronic Constriction Injury-induced Trigeminal Neuralgia,SRX20906802,RNA-Seq of trigeminal subnucleus caudalis of ION-CCI treated Adult male Mus musculus replicate 3,RNA-Seq of trigeminal subnucleus caudalis of ION-CCI treated Adult male Mus musculus replicate 3,10090,Mus musculus,CCI_Sp5C3,RNA-Seq,TRANSCRIPTOMIC,RT-PCR,PAIRED,SRS18184049,,SAMN36316318,PRJNA991739,Illumina NovaSeq 6000,Illumina NovaSeq 6000,ILLUMINA,52075968,5098382974,52075968,15726942336,CCI-Sp5C3_221221N_S26_L001_R1_001.fastq.gz,SRR25158551.lite,https://sra-downloadb.be-md.ncbi.nlm.nih.gov/sos5/sra-pub-zq-14/SRR025/25158/SRR25158551/SRR25158551.lite.1,4015194287,2023-07-11 04:47:12,8b457959b5db0e94fc8319a4fca3c109,1,SRA Lite,Primary ETL,1,https://sra-downloadb.be-md.ncbi.nlm.nih.gov/sos5/sra-pub-zq-14/SRR025/25158/SRR25158551/SRR25158551.lite.1,worldwide,anonymous,s3://sra-pub-zq-2/SRR25158551/SRR25158551.lite.1,s3.us-east-1,aws identity,gs://sra-pub-zq-102/SRR25158551/SRR25158551.lite.1,gs.us-east1,gcp identity,,not applicable,not applicable,not applicable,not applicable,7-week,not applicable,2023-02-25,China: Zhengzhou,male,trigeminal subnucleus caudalis,WT,total RNA,ION-CCI,3,Model organism or animal,,http://ftp.sra.ebi.ac.uk/vol1/fastq/SRR251/051/SRR25158551/SRR25158551_1.fastq.gz,http://ftp.sra.ebi.ac.uk/vol1/fastq/SRR251/051/SRR25158551/SRR25158551_2.fastq.gz,,era-fasp@fasp.sra.ebi.ac.uk:vol1/fastq/SRR251/051/SRR25158551/SRR25158551_1.fastq.gz,era-fasp@fasp.sra.ebi.ac.uk:vol1/fastq/SRR251/051/SRR25158551/SRR25158551_2.fastq.gz
SRR25158550,SRP447554,Transcriptome-wide Analysis of Trigeminal Ganglion and Subnucleus Caudalis in a Mouse Model of Chronic Constriction Injury-induced Trigeminal Neuralgia,SRX20906803,RNA-Seq of trigeminal ganglia of Saline treated Adult male Mus musculus replicate 1,RNA-Seq of trigeminal ganglia of Saline treated Adult male Mus musculus replicate 1,10090,Mus musculus,Sham_TG1,RNA-Seq,TRANSCRIPTOMIC,RT-PCR,PAIRED,SRS18184055,,SAMN36316319,PRJNA991739,Illumina NovaSeq 6000,Illumina NovaSeq 6000,ILLUMINA,41877133,4096678031,41877133,12646894166,Sham-TG1_221221N_S27_L001_R1_001.fastq.gz,SRR25158550.lite,https://sra-downloadb.be-md.ncbi.nlm.nih.gov/sos5/sra-pub-zq-14/SRR025/25158/SRR25158550/SRR25158550.lite.1,3230753686,2023-07-11 04:45:33,e42dd138c61bcef6280eddd50095d843,1,SRA Lite,Primary ETL,1,https://sra-downloadb.be-md.ncbi.nlm.nih.gov/sos5/sra-pub-zq-14/SRR025/25158/SRR25158550/SRR25158550.lite.1,worldwide,anonymous,s3://sra-pub-zq-2/SRR25158550/SRR25158550.lite.1,s3.us-east-1,aws identity,gs://sra-pub-zq-102/SRR25158550/SRR25158550.lite.1,gs.us-east1,gcp identity,,not applicable,not applicable,not applicable,not applicable,7-week,not applicable,2023-02-25,China: Zhengzhou,male,trigeminal ganglia,WT,total RNA,Sham,1,Model organism or animal,,http://ftp.sra.ebi.ac.uk/vol1/fastq/SRR251/050/SRR25158550/SRR25158550_1.fastq.gz,http://ftp.sra.ebi.ac.uk/vol1/fastq/SRR251/050/SRR25158550/SRR25158550_2.fastq.gz,,era-fasp@fasp.sra.ebi.ac.uk:vol1/fastq/SRR251/050/SRR25158550/SRR25158550_1.fastq.gz,era-fasp@fasp.sra.ebi.ac.uk:vol1/fastq/SRR251/050/SRR25158550/SRR25158550_2.fastq.gz
SRR25158549,SRP447554,Transcriptome-wide Analysis of Trigeminal Ganglion and Subnucleus Caudalis in a Mouse Model of Chronic Constriction Injury-induced Trigeminal Neuralgia,SRX20906804,RNA-Seq of trigeminal ganglia of Saline treated Adult male Mus musculus replicate 2,RNA-Seq of trigeminal ganglia of Saline treated Adult male Mus musculus replicate 2,10090,Mus musculus,Sham_TG2,RNA-Seq,TRANSCRIPTOMIC,RT-PCR,PAIRED,SRS18184053,,SAMN36316320,PRJNA991739,Illumina NovaSeq 6000,Illumina NovaSeq 6000,ILLUMINA,48305074,4792663680,48305074,14588132348,Sham-TG2_221221N_S28_L001_R1_001.fastq.gz,SRR25158549.lite,https://sra-downloadb.be-md.ncbi.nlm.nih.gov/sos5/sra-pub-zq-14/SRR025/25158/SRR25158549/SRR25158549.lite.1,3725237115,2023-07-11 04:45:38,660210e2ca9898fb98de96b12c823fad,1,SRA Lite,Primary ETL,1,https://sra-downloadb.be-md.ncbi.nlm.nih.gov/sos5/sra-pub-zq-14/SRR025/25158/SRR25158549/SRR25158549.lite.1,worldwide,anonymous,s3://sra-pub-zq-2/SRR25158549/SRR25158549.lite.1,s3.us-east-1,aws identity,gs://sra-pub-zq-102/SRR25158549/SRR25158549.lite.1,gs.us-east1,gcp identity,,not applicable,not applicable,not applicable,not applicable,7-week,not applicable,2023-02-25,China: Zhengzhou,male,trigeminal ganglia,WT,total RNA,Sham,2,Model organism or animal,,http://ftp.sra.ebi.ac.uk/vol1/fastq/SRR251/049/SRR25158549/SRR25158549_1.fastq.gz,http://ftp.sra.ebi.ac.uk/vol1/fastq/SRR251/049/SRR25158549/SRR25158549_2.fastq.gz,,era-fasp@fasp.sra.ebi.ac.uk:vol1/fastq/SRR251/049/SRR25158549/SRR25158549_1.fastq.gz,era-fasp@fasp.sra.ebi.ac.uk:vol1/fastq/SRR251/049/SRR25158549/SRR25158549_2.fastq.gz
SRR25158548,SRP447554,Transcriptome-wide Analysis of Trigeminal Ganglion and Subnucleus Caudalis in a Mouse Model of Chronic Constriction Injury-induced Trigeminal Neuralgia,SRX20906805,RNA-Seq of trigeminal ganglia of Saline treated Adult male Mus musculus replicate 3,RNA-Seq of trigeminal ganglia of Saline treated Adult male Mus musculus replicate 3,10090,Mus musculus,Sham_TG3,RNA-Seq,TRANSCRIPTOMIC,RT-PCR,PAIRED,SRS18184056,,SAMN36316321,PRJNA991739,Illumina NovaSeq 6000,Illumina NovaSeq 6000,ILLUMINA,59639036,5736445656,59639036,18010988872,Sham-TG4_221221N_S29_L001_R1_001.fastq.gz,SRR25158548.lite,https://sra-downloadb.be-md.ncbi.nlm.nih.gov/sos5/sra-pub-zq-14/SRR025/25158/SRR25158548/SRR25158548.lite.1,4594356413,2023-07-11 04:51:37,5d861367330301b7cee9ccefeead34dc,1,SRA Lite,Primary ETL,1,https://sra-downloadb.be-md.ncbi.nlm.nih.gov/sos5/sra-pub-zq-14/SRR025/25158/SRR25158548/SRR25158548.lite.1,worldwide,anonymous,s3://sra-pub-zq-2/SRR25158548/SRR25158548.lite.1,s3.us-east-1,aws identity,gs://sra-pub-zq-102/SRR25158548/SRR25158548.lite.1,gs.us-east1,gcp identity,,not applicable,not applicable,not applicable,not applicable,7-week,not applicable,2023-02-25,China: Zhengzhou,male,trigeminal ganglia,WT,total RNA,Sham,3,Model organism or animal,,http://ftp.sra.ebi.ac.uk/vol1/fastq/SRR251/048/SRR25158548/SRR25158548_1.fastq.gz,http://ftp.sra.ebi.ac.uk/vol1/fastq/SRR251/048/SRR25158548/SRR25158548_2.fastq.gz,,era-fasp@fasp.sra.ebi.ac.uk:vol1/fastq/SRR251/048/SRR25158548/SRR25158548_1.fastq.gz,era-fasp@fasp.sra.ebi.ac.uk:vol1/fastq/SRR251/048/SRR25158548/SRR25158548_2.fastq.gz
SRR25158547,SRP447554,Transcriptome-wide Analysis of Trigeminal Ganglion and Subnucleus Caudalis in a Mouse Model of Chronic Constriction Injury-induced Trigeminal Neuralgia,SRX20906806,RNA-Seq of trigeminal subnucleus caudalis of Saline treated Adult male Mus musculus replicate 1,RNA-Seq of trigeminal subnucleus caudalis of Saline treated Adult male Mus musculus replicate 1,10090,Mus musculus,Sham_Sp5C1,RNA-Seq,TRANSCRIPTOMIC,RT-PCR,PAIRED,SRS18184050,,SAMN36316322,PRJNA991739,Illumina NovaSeq 6000,Illumina NovaSeq 6000,ILLUMINA,48099430,4642346931,48099430,14526027860,Sham-Sp5C2_221221N_S30_L001_R1_001.fastq.gz,SRR25158547.lite,https://sra-downloadb.be-md.ncbi.nlm.nih.gov/sos5/sra-pub-zq-14/SRR025/25158/SRR25158547/SRR25158547.lite.1,3707383836,2023-07-11 04:45:56,353c8a049b4adde0fdb0e1a08b5bf228,1,SRA Lite,Primary ETL,1,https://sra-downloadb.be-md.ncbi.nlm.nih.gov/sos5/sra-pub-zq-14/SRR025/25158/SRR25158547/SRR25158547.lite.1,worldwide,anonymous,s3://sra-pub-zq-2/SRR25158547/SRR25158547.lite.1,s3.us-east-1,aws identity,gs://sra-pub-zq-102/SRR25158547/SRR25158547.lite.1,gs.us-east1,gcp identity,,not applicable,not applicable,not applicable,not applicable,7-week,not applicable,2023-02-25,China: Zhengzhou,male,trigeminal subnucleus caudalis,WT,total RNA,Sham,1,Model organism or animal,,http://ftp.sra.ebi.ac.uk/vol1/fastq/SRR251/047/SRR25158547/SRR25158547_1.fastq.gz,http://ftp.sra.ebi.ac.uk/vol1/fastq/SRR251/047/SRR25158547/SRR25158547_2.fastq.gz,,era-fasp@fasp.sra.ebi.ac.uk:vol1/fastq/SRR251/047/SRR25158547/SRR25158547_1.fastq.gz,era-fasp@fasp.sra.ebi.ac.uk:vol1/fastq/SRR251/047/SRR25158547/SRR25158547_2.fastq.gz
SRR25158556,SRP447554,Transcriptome-wide Analysis of Trigeminal Ganglion and Subnucleus Caudalis in a Mouse Model of Chronic Constriction Injury-induced Trigeminal Neuralgia,SRX20906797,RNA-Seq of trigeminal subnucleus caudalis of Saline treated Adult male Mus musculus replicate 2,RNA-Seq of trigeminal subnucleus caudalis of Saline treated Adult male Mus musculus replicate 2,10090,Mus musculus,Sham_Sp5C2,RNA-Seq,TRANSCRIPTOMIC,RT-PCR,PAIRED,SRS18184045,,SAMN36316323,PRJNA991739,Illumina NovaSeq 6000,Illumina NovaSeq 6000,ILLUMINA,49872182,4793124974,49872182,15061398964,Sham-Sp5C3_221221N_S31_L001_R1_001.fastq.gz,SRR25158556.lite,https://sra-downloadb.be-md.ncbi.nlm.nih.gov/sos5/sra-pub-zq-14/SRR025/25158/SRR25158556/SRR25158556.lite.1,3843667185,2023-07-11 04:48:22,b77d441e4c4d2d0d145cce6fa137a22b,1,SRA Lite,Primary ETL,1,https://sra-downloadb.be-md.ncbi.nlm.nih.gov/sos5/sra-pub-zq-14/SRR025/25158/SRR25158556/SRR25158556.lite.1,worldwide,anonymous,s3://sra-pub-zq-2/SRR25158556/SRR25158556.lite.1,s3.us-east-1,aws identity,gs://sra-pub-zq-102/SRR25158556/SRR25158556.lite.1,gs.us-east1,gcp identity,,not applicable,not applicable,not applicable,not applicable,7-week,not applicable,2023-02-25,China: Zhengzhou,male,trigeminal subnucleus caudalis,WT,total RNA,Sham,2,Model organism or animal,,http://ftp.sra.ebi.ac.uk/vol1/fastq/SRR251/056/SRR25158556/SRR25158556_1.fastq.gz,http://ftp.sra.ebi.ac.uk/vol1/fastq/SRR251/056/SRR25158556/SRR25158556_2.fastq.gz,,era-fasp@fasp.sra.ebi.ac.uk:vol1/fastq/SRR251/056/SRR25158556/SRR25158556_1.fastq.gz,era-fasp@fasp.sra.ebi.ac.uk:vol1/fastq/SRR251/056/SRR25158556/SRR25158556_2.fastq.gz
SRR25158555,SRP447554,Transcriptome-wide Analysis of Trigeminal Ganglion and Subnucleus Caudalis in a Mouse Model of Chronic Constriction Injury-induced Trigeminal Neuralgia,SRX20906798,RNA-Seq of trigeminal subnucleus caudalis of Saline treated Adult male Mus musculus replicate 3,RNA-Seq of trigeminal subnucleus caudalis of Saline treated Adult male Mus musculus replicate 3,10090,Mus musculus,Sham_Sp5C3,RNA-Seq,TRANSCRIPTOMIC,RT-PCR,PAIRED,SRS18184052,,SAMN36316324,PRJNA991739,Illumina NovaSeq 6000,Illumina NovaSeq 6000,ILLUMINA,48255825,4621926876,48255825,14573259150,Sham-Sp5C4_221221N_S32_L001_R1_001.fastq.gz,SRR25158555.lite,https://sra-downloadb.be-md.ncbi.nlm.nih.gov/sos5/sra-pub-zq-14/SRR025/25158/SRR25158555/SRR25158555.lite.1,3721167902,2023-07-11 04:45:44,f62e690027ae872f5bd4689a4cfd0e20,1,SRA Lite,Primary ETL,1,https://sra-downloadb.be-md.ncbi.nlm.nih.gov/sos5/sra-pub-zq-14/SRR025/25158/SRR25158555/SRR25158555.lite.1,worldwide,anonymous,s3://sra-pub-zq-2/SRR25158555/SRR25158555.lite.1,s3.us-east-1,aws identity,gs://sra-pub-zq-102/SRR25158555/SRR25158555.lite.1,gs.us-east1,gcp identity,,not applicable,not applicable,not applicable,not applicable,7-week,not applicable,2023-02-25,China: Zhengzhou,male,trigeminal subnucleus caudalis,WT,total RNA,Sham,3,Model organism or animal,,http://ftp.sra.ebi.ac.uk/vol1/fastq/SRR251/055/SRR25158555/SRR25158555_1.fastq.gz,http://ftp.sra.ebi.ac.uk/vol1/fastq/SRR251/055/SRR25158555/SRR25158555_2.fastq.gz,,era-fasp@fasp.sra.ebi.ac.uk:vol1/fastq/SRR251/055/SRR25158555/SRR25158555_1.fastq.gz,era-fasp@fasp.sra.ebi.ac.uk:vol1/fastq/SRR251/055/SRR25158555/SRR25158555_2.fastq.gz
